<?xml version="1.0" encoding="UTF-8" ?>
<!DOCTYPE mapper
PUBLIC "-//mybatis.org//DTD Mapper 3.0//EN"
"http://mybatis.org/dtd/mybatis-3-mapper.dtd">
<mapper namespace="com.ruoyi.laboratory.mapper.ResearchMapper">

    <resultMap type="Research" id="ResearchResult">
        <result property="id"    column="id"    />
        <result property="intro"    column="intro"    />
        <result property="url"    column="url"    />
        <result property="beginTimes"    column="beginTimes"    />
        <result property="name"    column="name"    />
    </resultMap>

    <sql id="selectResearchVo">
        select id, intro, url, beginTimes, name from research
    </sql>

    <select id="selectResearchList" parameterType="Research" resultMap="ResearchResult">
        <include refid="selectResearchVo"/>
        <where>
            <if test="intro != null  and intro != ''"> and intro = #{intro}</if>
            <if test="url != null  and url != ''"> and url = #{url}</if>
            <if test="beginTimes != null "> and beginTimes = #{beginTimes}</if>
            <if test="name != null  and name != ''"> and name like concat('%', #{name}, '%')</if>
        </where>
    </select>

    <select id="selectResearchById" parameterType="String" resultMap="ResearchResult">
        <include refid="selectResearchVo"/>
        where id = #{id}
    </select>

    <insert id="insertResearch" parameterType="Research" useGeneratedKeys="true" keyProperty="id">
        insert into research
        <trim prefix="(" suffix=")" suffixOverrides=",">
            <if test="intro != null">intro,</if>
            <if test="url != null">url,</if>
            <if test="beginTimes != null">beginTimes,</if>
            <if test="name != null">name,</if>
         </trim>
        <trim prefix="values (" suffix=")" suffixOverrides=",">
            <if test="intro != null">#{intro},</if>
            <if test="url != null">#{url},</if>
            <if test="beginTimes != null">#{beginTimes},</if>
            <if test="name != null">#{name},</if>
         </trim>
    </insert>

    <update id="updateResearch" parameterType="Research">
        update research
        <trim prefix="SET" suffixOverrides=",">
            <if test="intro != null">intro = #{intro},</if>
            <if test="url != null">url = #{url},</if>
            <if test="beginTimes != null">beginTimes = #{beginTimes},</if>
            <if test="name != null">name = #{name},</if>
        </trim>
        where id = #{id}
    </update>

    <delete id="deleteResearchById" parameterType="String">
        delete from research where id = #{id}
    </delete>

    <delete id="deleteResearchByIds" parameterType="String">
        delete from research where id in
        <foreach item="id" collection="array" open="(" separator="," close=")">
            #{id}
        </foreach>
    </delete>
</mapper>
