<?xml version="1.0" encoding="UTF-8" ?>
<!DOCTYPE mapper
PUBLIC "-//mybatis.org//DTD Mapper 3.0//EN"
"http://mybatis.org/dtd/mybatis-3-mapper.dtd">
<mapper namespace="com.ruoyi.laboratory.mapper.TeamMapper">

    <resultMap type="Team" id="TeamResult">
        <result property="id"    column="id"    />
        <result property="intro"    column="intro"    />
        <result property="email"    column="email"    />
        <result property="teamLeaderId"    column="teamLeaderId"    />
        <result property="name"    column="name"    />
    </resultMap>

    <sql id="selectTeamVo">
        select id, intro, email, teamLeaderId, name from team
    </sql>

    <select id="selectTeamList" parameterType="Team" resultMap="TeamResult">
        <include refid="selectTeamVo"/>
        <where>
            <if test="intro != null  and intro != ''"> and intro = #{intro}</if>
            <if test="email != null  and email != ''"> and email = #{email}</if>
            <if test="teamLeaderId != null  and teamLeaderId != ''"> and teamLeaderId = #{teamLeaderId}</if>
            <if test="name != null  and name != ''"> and name like concat('%', #{name}, '%')</if>
        </where>
    </select>

    <select id="selectTeamById" parameterType="String" resultMap="TeamResult">
        <include refid="selectTeamVo"/>
        where id = #{id}
    </select>

    <insert id="insertTeam" parameterType="Team" useGeneratedKeys="true" keyProperty="id">
        insert into team
        <trim prefix="(" suffix=")" suffixOverrides=",">
            <if test="intro != null">intro,</if>
            <if test="email != null">email,</if>
            <if test="teamLeaderId != null and teamLeaderId != ''">teamLeaderId,</if>
            <if test="name != null and name != ''">name,</if>
         </trim>
        <trim prefix="values (" suffix=")" suffixOverrides=",">
            <if test="intro != null">#{intro},</if>
            <if test="email != null">#{email},</if>
            <if test="teamLeaderId != null and teamLeaderId != ''">#{teamLeaderId},</if>
            <if test="name != null and name != ''">#{name},</if>
         </trim>
    </insert>

    <update id="updateTeam" parameterType="Team">
        update team
        <trim prefix="SET" suffixOverrides=",">
            <if test="intro != null">intro = #{intro},</if>
            <if test="email != null">email = #{email},</if>
            <if test="teamLeaderId != null and teamLeaderId != ''">teamLeaderId = #{teamLeaderId},</if>
            <if test="name != null and name != ''">name = #{name},</if>
        </trim>
        where id = #{id}
    </update>

    <delete id="deleteTeamById" parameterType="String">
        delete from team_member where teamId = #{id};
        delete from team where id = #{id};
    </delete>

    <delete id="deleteTeamByIds" parameterType="String">
        delete from team where id in
        <foreach item="id" collection="array" open="(" separator="," close=")">
            #{id}
        </foreach>
    </delete>

  <select id="findAllMembersByTeamId" resultType="com.ruoyi.laboratory.domain.Member">
    SELECT *
    FROM member m
           JOIN team_member tm ON m.id = tm.memberId
    WHERE tm.teamId = #{teamId}
  </select>
</mapper>
